__p1a-studio.spec.ts	PRESENT	8	0	0	0
__p1b-render.spec.ts	PRESENT	6	0	0	0
__p1d-lists.spec.ts	PRESENT	15	0	0	0
__p2b-phone.spec.ts	PRESENT	4	0	0	0
__p2c-studio.spec.ts	PRESENT	7	0	0	0
__p3a-pages.spec.ts	PRESENT	5	0	0	0
__p3b-structure.spec.ts	PRESENT	0	0	2	0
__p4a-routing.spec.ts	PRESENT	1	0	0	0
__p4b-rules.spec.ts	PRESENT	1	0	2	0
__p5a-frame.spec.ts	PRESENT	10	0	0	0
__p5b-quotes-ia.spec.ts	PRESENT	6	0	1	0
__p5c-assets.spec.ts	PRESENT	4	0	0	0
__p6a-theme.spec.ts	PRESENT	3	0	0	0
__p6b-theme-mgr.spec.ts	PRESENT	8	0	0	0
__r2-dead-controls-drive.spec.ts	PRESENT	0	2	0	1
__r2-logo-progress-drive.spec.ts	PRESENT	0	1	0	1
admin-routing-security.spec.ts	PRESENT	3	0	0	0
admin-ux-parity.spec.ts	PRESENT	10	0	0	0
domains-create-site.spec.ts	PRESENT	1	0	0	0
forensic-live-probe.spec.ts	PRESENT	25	1	0	1
leadgen-canvas-interactions.gesture.spec.ts	PRESENT	8	2	0	1
leadgen-canvas-script-inertness.spec.ts	PRESENT	1	0	0	0
leadgen-ga4.spec.ts	PRESENT	4	0	0	0
leadgen-live-funnel.spec.ts	PRESENT	10	0	0	0
leadgen-nav.spec.ts	PRESENT	2	0	0	0
leadgen-offers-mgmt.spec.ts	PRESENT	6	0	0	0
leadgen-offers.spec.ts	PRESENT	6	0	0	0
leadgen-operator-acceptance.gesture.spec.ts	PRESENT	24	0	0	0
leadgen-p1-geometry.gesture.spec.ts	PRESENT	13	0	3	0
leadgen-p1c-editor-chrome.spec.ts	PRESENT	5	0	0	0
leadgen-p2a-element-freedom.gesture.spec.ts	PRESENT	21	0	1	0
leadgen-p3-fixround-footer.gesture.spec.ts	PRESENT	8	0	0	0
leadgen-p3a-placement.gesture.spec.ts	PRESENT	23	0	5	0
leadgen-p4a-behavior.spec.ts	PRESENT	3	0	0	0
leadgen-p4b-validation.spec.ts	PRESENT	8	0	6	0
leadgen-p4c-rules.gesture.spec.ts	PRESENT	6	0	2	0
leadgen-p4d-editor.gesture.spec.ts	PRESENT	12	0	0	0
leadgen-p8-s5_3-n14-n15-drive.spec.ts	PRESENT	6	0	0	0
leadgen-patterns-v25.spec.ts	PRESENT	10	0	0	0
leadgen-payload-builder.spec.ts	PRESENT	6	0	0	0
leadgen-perf.spec.ts	PRESENT	3	0	0	0
leadgen-quote-builder.spec.ts	PRESENT	5	1	0	1
leadgen-r2p1-fixround-smoke.spec.ts	PRESENT	1	1	0	1
leadgen-r2p4-drag-recordings.spec.ts	PRESENT	5	0	0	0
leadgen-r2p4-fixfirst-drive.spec.ts	PRESENT	0	1	0	1
leadgen-r2p4-fixround2-drive.spec.ts	PRESENT	0	1	0	1
leadgen-r2p4-s4b-slider-drive.spec.ts	PRESENT	7	0	0	0
leadgen-r2p4-slider-drive.spec.ts	PRESENT	0	1	0	1
leadgen-r2p4-thumbnail-fix-drive.spec.ts	PRESENT	2	0	0	0
leadgen-r2p5-payload-seam-drive.spec.ts	PRESENT	5	0	0	0
leadgen-r2p5-s5c-drive.spec.ts	PRESENT	4	0	0	0
leadgen-r2p6-d11c-drive.spec.ts	PRESENT	10	0	0	0
leadgen-r2p6-d11d-drive.spec.ts	PRESENT	4	0	0	0
leadgen-r2p6-f1-preset-corners-drive.spec.ts	PRESENT	1	2	0	1
leadgen-r2p6-f1b-preset-corners-survive-rail-edit-drive.spec.ts	PRESENT	0	2	0	1
leadgen-r2p6-fixes3-drive.spec.ts	PRESENT	2	0	0	0
leadgen-r2p6-themefix-drive.spec.ts	PRESENT	6	0	0	0
leadgen-r2p7-f3-fork-survival-drive.spec.ts	PRESENT	3	0	0	0
leadgen-r2p7-owner-drive.spec.ts	PRESENT	7	0	0	0
leadgen-r3a-effects.gesture.spec.ts	PRESENT	19	0	0	0
leadgen-r3b-effects.gesture.spec.ts	PRESENT	7	0	0	0
leadgen-r4a-pipeline.spec.ts	PRESENT	9	0	0	0
leadgen-r4b-maps-tab.spec.ts	PRESENT	1	0	0	0
leadgen-r5-fullbleed-nav.spec.ts	PRESENT	8	0	0	0
leadgen-r5-staging-signoff.spec.ts	PRESENT	2	0	0	0
leadgen-r6-activation-preflight.spec.ts	PRESENT	1	0	0	0
leadgen-r6-legacy-boot.spec.ts	PRESENT	1	0	0	0
leadgen-rework-acceptance-builder.gesture.spec.ts	PRESENT	23	1	0	1
leadgen-rework-acceptance-components.gesture.spec.ts	PRESENT	28	0	0	0
leadgen-rework-acceptance-inputs.gesture.spec.ts	PRESENT	22	0	0	0
leadgen-rework-acceptance-routing.gesture.spec.ts	PRESENT	34	0	0	0
leadgen-rework-p2-studio.gesture.spec.ts	PRESENT	10	0	0	0
leadgen-rework-p3b-board.gesture.spec.ts	PRESENT	31	1	0	1
leadgen-rework-p3b-rules.gesture.spec.ts	PRESENT	16	0	0	0
leadgen-rework-p4-templates.gesture.spec.ts	PRESENT	8	0	0	0
leadgen-rework-p4-themes.gesture.spec.ts	PRESENT	10	0	2	0
leadgen-round4-acceptance.gesture.spec.ts	PRESENT	18	0	0	0
leadgen-round4-funnel-acceptance.gesture.spec.ts	PRESENT	8	0	0	0
leadgen-round4-quotes-acceptance.gesture.spec.ts	PRESENT	18	0	0	0
leadgen-runtime-inputs.gesture.spec.ts	PRESENT	3	0	0	0
leadgen-runtime-v25.spec.ts	PRESENT	6	0	0	0
leadgen-runtime.spec.ts	PRESENT	3	0	0	0
leadgen-section-builder.spec.ts	PRESENT	9	0	0	0
leadgen-section-studio.spec.ts	PRESENT	21	0	0	0
leadgen-studio-patterns.spec.ts	PRESENT	19	0	0	0
leadgen-theme-manager.spec.ts	PRESENT	11	0	0	0
leadgen-u11u12-move-chromium-attempt.spec.ts	PRESENT	1	0	0	0
leadgen-u11u12-move.gesture.spec.ts	PRESENT	12	0	0	0
leadgen-v31-gate1c-baselines.spec.ts	PRESENT	0	1	0	1
leadgen-v31-gate4-behavior.spec.ts	PRESENT	3	0	0	0
leadgen-visual.spec.ts	PRESENT	8	2	0	1
listicles-analytics-mirror.spec.ts	PRESENT	2	0	0	0
listicles-articles.spec.ts	PRESENT	6	0	0	0
listicles-manual-qa.spec.ts	PRESENT	11	0	0	0
listicles-offers.spec.ts	PRESENT	4	0	0	0
listicles-perf-regression.spec.ts	PRESENT	4	0	0	0
listicles-render.spec.ts	PRESENT	7	0	0	0
listicles-sections.spec.ts	PRESENT	5	0	0	0
listicles-tracking.spec.ts	PRESENT	5	0	0	0
listicles-visual.spec.ts	PRESENT	5	0	0	0
r0a-drag-spike.spec.ts	PRESENT	1	0	0	0
